book_title,authors,collection_status,reading_status,favorite,next_read
A Amiga Genial,Elena Ferrante,in_collection,read,no,no
A Breve Vida das Flores,Valérie Perrin,in_collection,read,no,no
A Condição Humana,Hannah Arendt,in_collection,unread,no,no
A Década dos Psicopatas,Daniel Oliveira,in_collection,read,no,no
A Fábrica do Absoluto,Karel Čapek,in_collection,read,no,no
A Fúria,Silvina Ocampo,in_collection,read,no,no
A Geração da Utopia,Pepetela,in_collection,unread,no,no
A Insustentável Leveza do Ser,Milan Kundera,in_collection,read,no,no
A Invenção de Morel,Adolfo Bioy Casares,in_collection,unread,no,no
A Laranja Mecânica,Anthony Burgess,in_collection,unread,no,no
A Man Called Ove,Fredrik Backman,in_collection,read,no,no
A Manual For Cleaning Women,Lucia Berlin,in_collection,read,no,no
A Metamorfose,Franz Kafka,not_in_collection,read,no,no
A morte de Ivan Ilich,Lev Tolstoi,in_collection,read,no,no
A Moveable Feast,Ernest Hemingway,in_collection,unread,no,no
A Máquina de Fazer Espanhóis,Valter Hugo Mãe,in_collection,read,yes,no
A Origem,Graça Pina de Morais,in_collection,unread,no,no
A Paixão segundo G.H.,Clarice Lispector,in_collection,read,no,no
A Psicologia do Amor,Irvin D. Yalom,in_collection,unread,no,no
A Sociedade do Cansaço,Byung-Chul Han,in_collection,read,no,no
A Utilidade do Inútil,Nuccio Ordine,in_collection,unread,no,no
A voz do dono,Stanisław Lem,in_collection,unread,no,no
Adoecer,Hélia Correia,in_collection,unread,no,no
Apenas Miúdos,Patti Smith,in_collection,read,no,no
Apologia do Ócio,Robert Louis Stevenson,in_collection,unread,no,no
Aprender a Rezar na era da Técnica,Gonçalo M. Tavares,in_collection,unread,no,no
As Cores da Infâmia,Albert Cossery,in_collection,read,no,no
As Intermitências da Morte,José Saramago,in_collection,read,no,no
As Malditas,Camila Sosa Villada,in_collection,unread,no,no
As primas,Aurora Venturini,in_collection,unread,no,no
As Que não Morrem,Anne Boyer,in_collection,read,no,no
Assim Lhes Fazemos a Guerra,Joseph Andras,in_collection,read,no,no
Atirar para o torto,Margarida Vale de Gato,in_collection,read,no,no
Ballad for Sophie,Juan Cavia | Filipe Melo,in_collection,read,no,no
Beleza,Roger Scruton,in_collection,unread,no,no
Beloved,Toni Morrison,in_collection,read,no,no
Burnt Sugar,Avni Doshi,in_collection,read,no,no
Cartas a um Jovem Poeta,Rainer Maria Rilke,in_collection,read,no,no
Castas,Isabel Wilkerson,in_collection,read,no,no
Cem anos de solidão,Gabriel García Márquez,in_collection,read,no,no
Como é Linda a Puta da Vida,Miguel Esteves Cardoso,in_collection,read,no,no
Conduz o Teu Arado Sobre os Ossos dos Mortos,Olga Tokarczuk,in_collection,read,no,no
Contos Exemplares,Sophia de Mello Breyner Andresen,in_collection,unread,no,no
Contra a Interpretação,Susan Sontag,in_collection,unread,no,no
Coração tão branco,Javier Marías,in_collection,read,no,no
Crime e Castigo,Fiódor Dostoiévski,in_collection,read,yes,no
Crítica da Razão Negra,Achille Mbembe,in_collection,unread,no,no
Cândido ou o Optimismo,Voltaire,in_collection,unread,no,no
De Olhos Fixos no Sol,Irvin D. Yalom,in_collection,read,no,no
"De Profundis, Valsa Lenta",José Cardoso Pires,in_collection,unread,no,no
Dear Ijeawele,Chimamanda Ngozi Adichie,in_collection,read,no,no
Desobediência Civil/Defesa de John Brown,Henry David Thoreau,in_collection,unread,no,no
Do Inconveniente de Ter Nascido,E. M. Cioran,in_collection,unread,no,no
Do Lado de Swann (vol. 1),Marcel Proust,in_collection,unread,no,no
Dor Fantasma,Rafael Gallo,in_collection,unread,no,no
Ecologia,Joana Bértholo,in_collection,unread,no,no
Elite Capture,Olúfẹ́mi Táíwò,in_collection,read,no,no
Elogio da Loucura,Erasmo de Roterdão,in_collection,read,no,no
Ensaio Sobre a Cegueira,José Saramago,in_collection,read,no,no
Ficções,Jorge Luís Borges,in_collection,unread,no,no
Filho da Mãe,Hugo Gonçalves,in_collection,unread,no,no
Fome,Knut Hamsun,in_collection,unread,no,no
Frankenstein,Mary Shelley,in_collection,read,yes,no
Hamlet,William Shakespeare,in_collection,read,no,no
Hip Hop Tuga: 40 anos de RAP em Portugal,Ricardo Farinha,in_collection,read,no,no
Homo Deus,Yuval Noah Harari,in_collection,read,no,no
Húmus,Raul Brandão,in_collection,read,no,no
Iza’s Ballad,Magda Szabó,in_collection,unread,no,no
"Jacques, O Fatalista",Denis Diderot,in_collection,read,no,no
Jerusalém,Gonçalo M. Tavares,in_collection,read,no,no
Jerusalém,Mia Couto,in_collection,read,no,no
Lavoura Arcaica,Raduan Nassar,in_collection,unread,no,no
Livro do Desassossego,Fernando Pessoa,in_collection,unread,no,no
Léxico Familiar,Natalia Ginzburg,in_collection,read,no,no
M Train,Patti Smith,in_collection,unread,no,no
Madrugada em Birkenau,Simone Veil,in_collection,unread,no,no
Mandriões no Vale Fértil,Albert Cossery,in_collection,unread,no,no
Margarita e o Mestre,Mikhail Bulgákov,in_collection,read,no,no
Maus,Art Spiegelman,in_collection,read,no,no
Mayombe,Pepetela,in_collection,read,no,no
Memória de ninguém,Helena Machado,in_collection,unread,no,no
Memórias do Cárcere,Camilo Castelo Branco,in_collection,unread,no,no
Memórias Póstumas de Brás Cubas,Machado de Assis,in_collection,unread,no,no
"Memórias, Sonhos, Reflexões",C. G. Jung,in_collection,unread,no,no
Mendigos e Altivos,Albert Cossery,in_collection,read,yes,no
Modos de Ver,John Berger,in_collection,read,no,no
Mrs Dalloway,Virginia Woolf,in_collection,read,no,no
Nacionalismo,Rabindranath Tagore,in_collection,read,no,no
Normal People,Sally Rooney,in_collection,read,no,no
Norwegian Wood,Haruki Murakami,in_collection,read,no,no
Novas Cartas Portuguesas,Maria Teresa Horta | Maria Isabel Barreno | Maria Velho da Costa,in_collection,read,no,no
O Alegre Canto da Perdiz,Paulina Chiziane,in_collection,unread,no,no
O Alquimista,Paulo Coelho,in_collection,read,no,no
o amor é fodido,Miguel Esteves Cardoso,in_collection,read,no,no
O Anjo Pornográfico,Ruy Castro,in_collection,unread,no,no
O Cavaleiro Sueco,Leo Perutz,in_collection,unread,no,no
O Estrangeiro,Albert Camus,in_collection,read,no,no
O filho de mil homens,Valter Hugo Mãe,in_collection,read,no,no
O Iluminismo Agora,Steven Pinker,in_collection,read,no,no
O Leopardo,Giuseppe Tomasi di Lampedusa,in_collection,unread,no,no
O Livro dos Abraços,Eduardo Galeano,in_collection,unread,no,no
O macaco bêbedo foi à ópera,Afonso Cruz,in_collection,read,no,no
O Mapa e o Território,Michel Houellebecq,in_collection,unread,no,no
O Mito de Sísifo,Albert Camus,in_collection,read,no,no
O momento em que nos perdemos,Maria José Núncio,in_collection,read,no,no
O país dos outros,Leïla Slimani,in_collection,read,no,no
O pintor debaixo do lava-loiças,Afonso Cruz,in_collection,read,yes,no
O Processo,Franz Kafka,in_collection,read,no,no
O Quarto de Giovanni,James Baldwin,in_collection,read,no,no
O Som e a Fúria,William Faulkner,in_collection,reading,no,no
O Tacão de Ferro,Jack London,in_collection,unread,no,no
O Velho Expresso da Patagónia,Paul Theroux,in_collection,unread,no,no
O Último Voo do Flamingo,Mia Couto,in_collection,read,no,no
On Earth We’re Briefly Gorgeous,Ocean Vuong,in_collection,unread,no,no
Os Comediantes,Graham Greene,in_collection,read,no,no
Os Conquistadores,André Malraux,in_collection,read,no,no
Os da minha rua,Ondjaki,in_collection,read,no,no
Os Livros Que Devoraram o Meu Pai,Afonso Cruz,in_collection,read,no,no
Os Profetas,Robert Jones Jr.,in_collection,unread,no,no
Os Transparentes,Ondjaki,in_collection,unread,no,no
Os Vampiros,Filipe Melo | Juan Cavia,in_collection,unread,no,no
Pais e Filhos,Ivan Turguéniev,in_collection,unread,no,no
Para Aquela Que Está Sentada No Escuro À Minha Espera,António Lobo Antunes,in_collection,read,no,no
"Pensar, Depressa e Devagar",Daniel Kahneman,in_collection,read,no,no
Poemas Quotidianos,António Reis,in_collection,unread,no,no
Poesia,Daniel Faria,in_collection,unread,no,no
Por amor à língua,Manuel Monteiro,in_collection,read,no,no
porque escrevo,George Orwell,in_collection,read,no,no
Problemas de Género,Judith Butler,in_collection,unread,no,no
prova de vida,Pedro Mexia,in_collection,read,no,no
Psicopolítica,Byung-Chul Han,in_collection,read,no,no
Quarto de Despejo,Carolina Maria de Jesus,in_collection,unread,no,no
Regresso a Reims,Didier Eribon,in_collection,unread,no,no
Rumo a Casa,Yaa Gyasi,in_collection,read,no,no
Sapiens: A Brief History of Humankind,Yuval Noah Harari,in_collection,read,no,no
Se deus me chamar não vou,Mariana Salomão Carrara,in_collection,unread,no,no
Se esta rua falasse,James Baldwin,in_collection,read,no,no
Sei Porque Canta o Pássaro na Gaiola,Maya Angelou,in_collection,read,no,no
Sobre o Politicamente Correcto,Manuel Monteiro,in_collection,read,no,no
Solaris,Stanisław Lem,in_collection,read,no,no
The Housekeeper and the Professor,Yōko Ogawa,in_collection,read,no,no
The Nickel Boys,Colson Whitehead,in_collection,read,no,no
This is going to hurt,Adam Kay,in_collection,unread,no,no
To Kill a Mockingbird,Harper Lee,in_collection,read,no,no
Tratado das Paixões da Alma,António Lobo Antunes,in_collection,unread,no,no
Um Candidato Idóneo,Mark Twain,in_collection,read,no,no
Um fascista no divã,Marcia Tiburi | Rubens Casara,in_collection,unread,no,no
Uma família em Bruxelas,Chantal Akerman,in_collection,unread,no,no
Uma Solidão Demasiado Ruidosa,Bohumil Hrabal,in_collection,read,no,no
Vista Chinesa,Tatiana Salem Levy,in_collection,read,no,no
We should all be feminists,Chimamanda Ngozi Adichie,in_collection,read,no,no
Winter,Ali Smith,in_collection,read,no,no
