book_title,authors,edition_title_candidate,publisher,language,format_hint,in_collection
A Amiga Genial,Elena Ferrante,A Amiga Genial,Relógio D’Água,pt,print-unspecified,yes
A Breve Vida das Flores,Valérie Perrin,A Breve Vida das Flores,Presença,pt,print-unspecified,yes
A Condição Humana,Hannah Arendt,A Condição Humana,Relógio D’Água,pt,print-unspecified,yes
A Década dos Psicopatas,Daniel Oliveira,A Década dos Psicopatas,Tinta da China,pt,print-unspecified,yes
A Fábrica do Absoluto,Karel Čapek,A Fábrica do Absoluto,Antígona,pt,print-unspecified,yes
A Fúria,Silvina Ocampo,A Fúria,Antígona,pt,print-unspecified,yes
A Geração da Utopia,Pepetela,A Geração da Utopia,Livros RTP,pt,print-unspecified,yes
A Insustentável Leveza do Ser,Milan Kundera,A Insustentável Leveza do Ser,BIIS,pt,print-unspecified,yes
A Invenção de Morel,Adolfo Bioy Casares,A Invenção de Morel,Antígona,pt,print-unspecified,yes
A Laranja Mecânica,Anthony Burgess,A Laranja Mecânica,Alfaguara,pt,print-unspecified,yes
A Man Called Ove,Fredrik Backman,A Man Called Ove,Sceptre,sv,print-unspecified,yes
A Manual For Cleaning Women,Lucia Berlin,A Manual For Cleaning Women,Farrar Straus and Giroux,en,ebook,yes
A Metamorfose,Franz Kafka,A Metamorfose,Presença,,unknown,no
A morte de Ivan Ilich,Lev Tolstoi,A morte de Ivan Ilich,Verbo,pt,print-unspecified,yes
A Moveable Feast,Ernest Hemingway,A Moveable Feast,Vintage,en,print-unspecified,yes
A Máquina de Fazer Espanhóis,Valter Hugo Mãe,A Máquina de Fazer Espanhóis,,,unknown,yes
A Origem,Graça Pina de Morais,A Origem,Antígona,pt,print-unspecified,yes
A Paixão segundo G.H.,Clarice Lispector,A Paixão segundo G.H.,Relógio D’Água,pt,print-unspecified,yes
A Psicologia do Amor,Irvin D. Yalom,A Psicologia do Amor,Saída de Emergência,pt,print-unspecified,yes
A Sociedade do Cansaço,Byung-Chul Han,A Sociedade do Cansaço,Relógio D’Água,pt,print-unspecified,yes
A Utilidade do Inútil,Nuccio Ordine,A Utilidade do Inútil,Kalandraka,pt,print-unspecified,yes
A voz do dono,Stanisław Lem,A voz do dono,Antígona,pt,print-unspecified,yes
Adoecer,Hélia Correia,Adoecer,Relógio D’Água,pt,print-unspecified,yes
Apenas Miúdos,Patti Smith,Apenas Miúdos,Quetzal,pt,print-unspecified,yes
Apologia do Ócio,Robert Louis Stevenson,Apologia do Ócio,Antígona,pt,print-unspecified,yes
Aprender a Rezar na era da Técnica,Gonçalo M. Tavares,Aprender a Rezar na era da Técnica,Relógio D’Água,pt,print-unspecified,yes
As Cores da Infâmia,Albert Cossery,As Cores da Infâmia,Antígona,pt,print-unspecified,yes
As Intermitências da Morte,José Saramago,As Intermitências da Morte,Porto Editora,pt,print-unspecified,yes
As Malditas,Camila Sosa Villada,As Malditas,BCF,pt,print-unspecified,yes
As primas,Aurora Venturini,As primas,Alfaguara,pt,print-unspecified,yes
As Que não Morrem,Anne Boyer,As Que não Morrem,Tinta da China,pt,print-unspecified,yes
Assim Lhes Fazemos a Guerra,Joseph Andras,Assim Lhes Fazemos a Guerra,Antígona,pt,print-unspecified,yes
Atirar para o torto,Margarida Vale de Gato,Atirar para o torto,Tinta da China,pt,print-unspecified,yes
Ballad for Sophie,Juan Cavia | Filipe Melo,Ballad for Sophie,,en,print-unspecified,yes
Beleza,Roger Scruton,Beleza,Guerra e Paz,pt,print-unspecified,yes
Beloved,Toni Morrison,Beloved,Vintage,en,print-unspecified,yes
Burnt Sugar,Avni Doshi,Burnt Sugar,Penguin,en,print-unspecified,yes
Cartas a um Jovem Poeta,Rainer Maria Rilke,Cartas a um Jovem Poeta,Antígona,pt,print-unspecified,yes
Castas,Isabel Wilkerson,Castas,Cultura,pt,print-unspecified,yes
Cem anos de solidão,Gabriel García Márquez,Cem anos de solidão,BIIS,pt,print-unspecified,yes
Como é Linda a Puta da Vida,Miguel Esteves Cardoso,Como é Linda a Puta da Vida,Porto Editora,pt,print-unspecified,yes
Conduz o Teu Arado Sobre os Ossos dos Mortos,Olga Tokarczuk,Conduz o Teu Arado Sobre os Ossos dos Mortos,Cavalo de Ferro,pt,print-unspecified,yes
Contos Exemplares,Sophia de Mello Breyner Andresen,Contos Exemplares,Assírio e Alvim,pt,print-unspecified,yes
Contra a Interpretação,Susan Sontag,Contra a Interpretação,Quetzal,pt,unknown,yes
Coração tão branco,Javier Marías,Coração tão branco,Alfaguara,pt,print-unspecified,yes
Crime e Castigo,Fiódor Dostoiévski,Crime e Castigo,Relógio D’Água,pt,print-unspecified,yes
Crítica da Razão Negra,Achille Mbembe,Crítica da Razão Negra,Antígona,pt,print-unspecified,yes
Cândido ou o Optimismo,Voltaire,Cândido ou o Optimismo,Tinta da China,pt,print-unspecified,yes
De Olhos Fixos no Sol,Irvin D. Yalom,De Olhos Fixos no Sol,Saída de Emergência,pt,print-unspecified,yes
"De Profundis, Valsa Lenta",José Cardoso Pires,"De Profundis, Valsa Lenta",Relógio D’Água,pt,print-unspecified,yes
Dear Ijeawele,Chimamanda Ngozi Adichie,Dear Ijeawele,Fourth Estate,en,print-unspecified,yes
Desobediência Civil/Defesa de John Brown,Henry David Thoreau,Desobediência Civil/Defesa de John Brown,Antígona,pt,print-unspecified,yes
Do Inconveniente de Ter Nascido,E. M. Cioran,Do Inconveniente de Ter Nascido,Letra Livre,pt,print-unspecified,yes
Do Lado de Swann (vol. 1),Marcel Proust,Do Lado de Swann (vol. 1),Relógio D’Água,pt,print-unspecified,yes
Dor Fantasma,Rafael Gallo,Dor Fantasma,Porto Editora,pt,print-unspecified,yes
Ecologia,Joana Bértholo,Ecologia,Caminho,pt,print-unspecified,yes
Elite Capture,Olúfẹ́mi Táíwò,Elite Capture,Haymarket Books,en,ebook,yes
Elogio da Loucura,Erasmo de Roterdão,Elogio da Loucura,Nova Vega,pt,print-unspecified,yes
Ensaio Sobre a Cegueira,José Saramago,Ensaio Sobre a Cegueira,Porto Editora,pt,print-unspecified,yes
Ficções,Jorge Luís Borges,Ficções,Quetzal,pt,print-unspecified,yes
Filho da Mãe,Hugo Gonçalves,Filho da Mãe,Companhia das Letras,pt,print-unspecified,yes
Fome,Knut Hamsun,Fome,Cavalo de Ferro,pt,print-unspecified,yes
Frankenstein,Mary Shelley,Frankenstein,Relógio D’Água,pt,print-unspecified,yes
Hamlet,William Shakespeare,Hamlet,Verbo,pt,print-unspecified,yes
Hip Hop Tuga: 40 anos de RAP em Portugal,Ricardo Farinha,Hip Hop Tuga: 40 anos de RAP em Portugal,Iguana,pt,print-unspecified,yes
Homo Deus,Yuval Noah Harari,Homo Deus,Elsinore,pt,print-unspecified,yes
Húmus,Raul Brandão,Húmus,Relógio D’Água,pt,print-unspecified,yes
Iza’s Ballad,Magda Szabó,Iza’s Ballad,Vintage,hu,print-unspecified,yes
"Jacques, O Fatalista",Denis Diderot,"Jacques, O Fatalista",Tinta da China,pt,print-unspecified,yes
Jerusalém,Gonçalo M. Tavares,Jerusalém,Relógio D’Água,pt,print-unspecified,yes
Jerusalém,Mia Couto,Jerusalém,Livros RTP,pt,print-unspecified,yes
Lavoura Arcaica,Raduan Nassar,Lavoura Arcaica,Companhia das Letras,pt,print-unspecified,yes
Livro do Desassossego,Fernando Pessoa,Livro do Desassossego,Assírio e Alvim,pt,unknown,yes
Livro do Desassossego,Fernando Pessoa,Livro do Desassossego,Relógio D’Água,pt,print-unspecified,yes
Léxico Familiar,Natalia Ginzburg,Léxico Familiar,Relógio D’Água,pt,print-unspecified,yes
M Train,Patti Smith,M Train,Quetzal,pt,unknown,yes
Madrugada em Birkenau,Simone Veil,Madrugada em Birkenau,Quetzal,pt,print-unspecified,yes
Mandriões no Vale Fértil,Albert Cossery,Mandriões no Vale Fértil,Antígona,pt,print-unspecified,yes
Margarita e o Mestre,Mikhail Bulgákov,Margarita e o Mestre,Relógio D’Água,pt,print-unspecified,yes
Maus,Art Spiegelman,Maus,Bertrand,pt,print-unspecified,yes
Mayombe,Pepetela,Mayombe,Círculo de Leitores,pt,print-unspecified,yes
Memória de ninguém,Helena Machado,Memória de ninguém,Nós,pt,print-unspecified,yes
Memórias do Cárcere,Camilo Castelo Branco,Memórias do Cárcere,Unibolso,pt,print-unspecified,yes
Memórias Póstumas de Brás Cubas,Machado de Assis,Memórias Póstumas de Brás Cubas,Relógio D’Água,pt,print-unspecified,yes
"Memórias, Sonhos, Reflexões",C. G. Jung,"Memórias, Sonhos, Reflexões",Relógio D’Água,pt,print-unspecified,yes
Mendigos e Altivos,Albert Cossery,Mendigos e Altivos,Antígona,pt,print-unspecified,yes
Modos de Ver,John Berger,Modos de Ver,Antígona,pt,print-unspecified,yes
Mrs Dalloway,Virginia Woolf,Mrs Dalloway,Vintage,en,print-unspecified,yes
Nacionalismo,Rabindranath Tagore,Nacionalismo,Livros de Bordo,pt,print-unspecified,yes
Normal People,Sally Rooney,Normal People,faber,en,print-unspecified,yes
Norwegian Wood,Haruki Murakami,Norwegian Wood,Casa das Letras,pt,print-unspecified,yes
Novas Cartas Portuguesas,Maria Teresa Horta | Maria Isabel Barreno | Maria Velho da Costa,Novas Cartas Portuguesas,Dom Quixote,pt,print-unspecified,yes
O Alegre Canto da Perdiz,Paulina Chiziane,O Alegre Canto da Perdiz,Caminho,pt,print-unspecified,yes
O Alquimista,Paulo Coelho,O Alquimista,11/17,pt,print-unspecified,yes
o amor é fodido,Miguel Esteves Cardoso,o amor é fodido,Bertrand,pt,print-unspecified,yes
O Anjo Pornográfico,Ruy Castro,O Anjo Pornográfico,Tinta da China,pt,print-unspecified,yes
O Cavaleiro Sueco,Leo Perutz,O Cavaleiro Sueco,Cavalo de Ferro,pt,print-unspecified,yes
O Estrangeiro,Albert Camus,O Estrangeiro,Livros do Brasil,pt,print-unspecified,yes
O filho de mil homens,Valter Hugo Mãe,O filho de mil homens,Porto Editora,pt,print-unspecified,yes
O Iluminismo Agora,Steven Pinker,O Iluminismo Agora,Presença,pt,print-unspecified,yes
O Leopardo,Giuseppe Tomasi di Lampedusa,O Leopardo,Dom Quixote,pt,print-unspecified,yes
O Livro dos Abraços,Eduardo Galeano,O Livro dos Abraços,Antígona,pt,print-unspecified,yes
O macaco bêbedo foi à ópera,Afonso Cruz,O macaco bêbedo foi à ópera,Fundação Francisco Manuel dos Santos,pt,print-unspecified,yes
O Mapa e o Território,Michel Houellebecq,O Mapa e o Território,Alfaguara,pt,print-unspecified,yes
O Mito de Sísifo,Albert Camus,O Mito de Sísifo,Livros do Brasil,pt,print-unspecified,yes
O momento em que nos perdemos,Maria José Núncio,O momento em que nos perdemos,Manuscrito,pt,print-unspecified,yes
O país dos outros,Leïla Slimani,O país dos outros,Alfaguara,pt,print-unspecified,yes
O pintor debaixo do lava-loiças,Afonso Cruz,O pintor debaixo do lava-loiças,Caminho,pt,print-unspecified,yes
O Processo,Franz Kafka,O Processo,Livros do Brasil,pt,print-unspecified,yes
O Quarto de Giovanni,James Baldwin,O Quarto de Giovanni,Alfaguara,pt,print-unspecified,yes
O Som e a Fúria,William Faulkner,O Som e a Fúria,Dom Quixote,pt,print-unspecified,yes
O Tacão de Ferro,Jack London,O Tacão de Ferro,Antígona,pt,print-unspecified,yes
O Velho Expresso da Patagónia,Paul Theroux,O Velho Expresso da Patagónia,Quetzal,pt,print-unspecified,yes
O Último Voo do Flamingo,Mia Couto,O Último Voo do Flamingo,Caminho,pt,print-unspecified,yes
On Earth We’re Briefly Gorgeous,Ocean Vuong,On Earth We’re Briefly Gorgeous,Penguin,en,print-unspecified,yes
Os Comediantes,Graham Greene,Os Comediantes,Unibolso,pt,print-unspecified,yes
Os Conquistadores,André Malraux,Os Conquistadores,Europa América,pt,print-unspecified,yes
Os da minha rua,Ondjaki,Os da minha rua,Caminho,pt,print-unspecified,yes
Os Livros Que Devoraram o Meu Pai,Afonso Cruz,Os Livros Que Devoraram o Meu Pai,Caminho,pt,print-unspecified,yes
Os Profetas,Robert Jones Jr.,Os Profetas,ASA,pt,print-unspecified,yes
Os Transparentes,Ondjaki,Os Transparentes,Caminho,pt,print-unspecified,yes
Os Vampiros,Filipe Melo | Juan Cavia,Os Vampiros,Companhia das Letras,pt,print-unspecified,yes
Pais e Filhos,Ivan Turguéniev,Pais e Filhos,Relógio D’Água,pt,print-unspecified,yes
Para Aquela Que Está Sentada No Escuro À Minha Espera,António Lobo Antunes,Para Aquela Que Está Sentada No Escuro À Minha Espera,Dom Quixote,pt,print-unspecified,yes
"Pensar, Depressa e Devagar",Daniel Kahneman,"Pensar, Depressa e Devagar",Temas e Debates,pt,print-unspecified,yes
Poemas Quotidianos,António Reis,Poemas Quotidianos,Tinta da China,pt,print-unspecified,yes
Poesia,Daniel Faria,Poesia,Assírio e Alvim,pt,print-unspecified,yes
Por amor à língua,Manuel Monteiro,Por amor à língua,Objectiva,pt,print-unspecified,yes
porque escrevo,George Orwell,porque escrevo,Antígona,pt,print-unspecified,yes
Problemas de Género,Judith Butler,Problemas de Género,Orfeu Negro,pt,print-unspecified,yes
prova de vida,Pedro Mexia,prova de vida,Tinta da China,pt,print-unspecified,yes
Psicopolítica,Byung-Chul Han,Psicopolítica,Relógio D’Água,pt,print-unspecified,yes
Quarto de Despejo,Carolina Maria de Jesus,Quarto de Despejo,Vasco Santos Editor,pt,print-unspecified,yes
Regresso a Reims,Didier Eribon,Regresso a Reims,Dom Quixote,pt,print-unspecified,yes
Rumo a Casa,Yaa Gyasi,Rumo a Casa,Presença,pt,print-unspecified,yes
Sapiens: A Brief History of Humankind,Yuval Noah Harari,Sapiens: A Brief History of Humankind,Vintage,en,print-unspecified,yes
Se deus me chamar não vou,Mariana Salomão Carrara,Se deus me chamar não vou,Nós,pt,print-unspecified,yes
Se esta rua falasse,James Baldwin,Se esta rua falasse,Alfaguara,pt,print-unspecified,yes
Sei Porque Canta o Pássaro na Gaiola,Maya Angelou,Sei Porque Canta o Pássaro na Gaiola,Antígona,pt,print-unspecified,yes
Sobre o Politicamente Correcto,Manuel Monteiro,Sobre o Politicamente Correcto,Objectiva,pt,print-unspecified,yes
Solaris,Stanisław Lem,Solaris,Antígona,pt,print-unspecified,yes
The Housekeeper and the Professor,Yōko Ogawa,The Housekeeper and the Professor,Vintage,ja,print-unspecified,yes
The Nickel Boys,Colson Whitehead,The Nickel Boys,Fleet,en,print-unspecified,yes
This is going to hurt,Adam Kay,This is going to hurt,Picador,en,print-unspecified,yes
To Kill a Mockingbird,Harper Lee,To Kill a Mockingbird,Vintage,en,print-unspecified,yes
Tratado das Paixões da Alma,António Lobo Antunes,Tratado das Paixões da Alma,Dom Quixote,pt,print-unspecified,yes
Um Candidato Idóneo,Mark Twain,Um Candidato Idóneo,Antígona,pt,print-unspecified,yes
Um fascista no divã,Marcia Tiburi | Rubens Casara,Um fascista no divã,Nós,pt,print-unspecified,yes
Uma família em Bruxelas,Chantal Akerman,Uma família em Bruxelas,BCF,pt,print-unspecified,yes
Uma Solidão Demasiado Ruidosa,Bohumil Hrabal,Uma Solidão Demasiado Ruidosa,Antígona,pt,print-unspecified,yes
Vista Chinesa,Tatiana Salem Levy,Vista Chinesa,Elsinore,pt,print-unspecified,yes
We should all be feminists,Chimamanda Ngozi Adichie,We should all be feminists,Fourth Estate,en,print-unspecified,yes
Winter,Ali Smith,Winter,Penguin,en,print-unspecified,yes
